Site,ServerName,IP address,Update Status,Update Date
GICT,WinAppServer115,25.50.164.88,true,17-07-2023
PGMSB,WinAppServer1,212.28.71.112,false,23-11-2024
GICT,WinAppServer115,202.31.129.108,false,06-04-2024
PGMSB,WinAppServer115,77.184.179.50,true,14-11-2023
GICT,WinAppServer10,88.22.94.17,true,08-07-2023
RND,WinAppServer10,83.63.4.85,false,27-11-2023
PGMSB,WinAppServer115,220.23.47.138,true,18-08-2024
GICT,WinAppServer1,13.71.33.218,true,02-07-2023
GICT,WinAppServer3,16.204.17.187,true,18-05-2024
RND,WinAppServer1,236.171.86.47,true,29-02-2024
GICT,WinAppServer3,215.121.107.103,false,09-06-2023
GICT,WinAppServer115,174.162.176.122,true,15-01-2024
GICT,WinAppDB5,102.127.161.63,true,11-03-2023
GICT,WinAppServer10,14.59.227.43,true,25-11-2023
PGMSB,WinAppServer1,51.67.28.130,false,03-06-2023
PGMSB,WinAppServer115,15.140.19.56,true,24-12-2023
GICT,WinAppServer115,118.248.83.153,false,07-03-2024
PGMSB,WinAppServer3,197.156.232.48,true,18-03-2024
PGMSB,WinAppDB5,191.119.244.113,true,28-08-2023
GICT,WinAD4,161.17.159.13,true,26-02-2024
PGMSB,WinAppDB5,245.196.248.181,true,16-04-2024
GICT,WinAppServer1,27.218.154.102,false,04-09-2024
GICT,WinAppDB5,180.32.231.41,false,08-01-2023
PGMSB,WinAD4,92.123.156.69,true,02-04-2024
GICT,WinAppServer10,202.120.196.97,false,25-09-2024
GICT,WinAppServer10,2.53.10.65,true,24-05-2024
PGMSB,WinAppServer10,193.7.193.2,true,09-04-2024
PGMSB,WinAppServer1,6.212.149.120,false,31-01-2023
GICT,WinAD4,83.86.95.101,false,01-03-2024
RND,WinAppServer3,102.250.225.152,true,28-10-2023
RND,WinAD4,40.195.212.178,false,13-02-2023
GICT,WinAppServer10,156.220.69.161,false,01-03-2023
GICT,WinAppServer10,125.125.80.63,false,06-06-2023
PGMSB,WinAD4,220.98.184.2,true,04-04-2023
GICT,WinAppServer1,156.79.99.70,false,16-02-2024
GICT,WinAppServer115,249.72.127.102,false,20-09-2024
PGMSB,WinAppServer115,80.121.178.37,false,01-11-2024
PGMSB,WinAppServer10,241.134.120.131,true,09-05-2024
GICT,WinAppServer3,102.86.44.143,true,15-08-2023
PGMSB,WinAppServer10,151.12.139.92,true,06-07-2024
PGMSB,WinAppServer3,67.233.145.34,false,01-10-2023
RND,WinAD4,74.98.39.136,true,05-06-2023
GICT,WinAppDB5,29.118.1.174,true,24-10-2023
GICT,WinAppServer3,4.210.139.22,true,13-11-2023
GICT,WinAppServer10,227.181.65.135,true,04-08-2023
GICT,WinAppServer1,135.197.132.224,true,07-04-2024
PGMSB,WinAD4,119.42.232.188,true,03-01-2023
GICT,WinAppServer1,68.107.120.185,true,19-02-2023
GICT,WinAppServer10,242.31.137.142,false,27-08-2024
GICT,WinAppServer1,185.27.131.237,false,05-06-2024
GICT,WinAppDB5,255.22.26.43,true,10-06-2024
GICT,WinAppServer1,32.245.230.132,true,29-09-2023
GICT,WinAppDB5,111.224.99.20,true,21-10-2024
GICT,WinAppServer3,30.180.166.80,false,06-01-2024
PGMSB,WinAD4,147.171.211.144,true,25-02-2024
PGMSB,WinAppServer115,224.107.137.147,false,17-07-2023
GICT,WinAppDB5,162.14.46.196,false,09-02-2024
GICT,WinAD4,81.132.61.130,false,07-03-2024
GICT,WinAppDB5,180.89.248.112,true,11-03-2023
PGMSB,WinAD4,191.67.171.102,false,13-07-2024
RND,WinAD4,189.89.86.60,true,30-09-2023
PGMSB,WinAD4,152.86.146.74,false,27-07-2024
PGMSB,WinAppServer3,213.227.104.81,true,28-03-2023
RND,WinAppServer3,254.213.227.167,false,25-12-2023
PGMSB,WinAppServer3,195.233.59.90,true,10-12-2023
GICT,WinAD4,62.63.2.78,false,03-05-2023
GICT,WinAppServer3,59.198.253.180,false,14-05-2023
GICT,WinAD4,54.163.67.136,true,09-11-2023
GICT,WinAppServer10,91.47.176.8,true,18-04-2024
PGMSB,WinAppDB5,195.140.115.241,false,02-11-2024
PGMSB,WinAD4,66.0.25.213,true,10-05-2024
PGMSB,WinAppServer10,248.191.239.14,true,03-04-2023
GICT,WinAppServer1,21.171.161.119,false,05-05-2024
PGMSB,WinAppServer3,117.45.225.245,false,29-06-2023
PGMSB,WinAppServer3,226.76.48.234,true,14-07-2024
GICT,WinAppServer115,95.227.167.58,true,08-04-2024
RND,WinAppDB5,67.45.48.159,false,30-11-2024
GICT,WinAppServer1,156.52.236.140,true,16-01-2024
GICT,WinAD4,178.124.94.192,true,25-09-2024
RND,WinAppServer10,152.191.163.84,false,11-06-2023
GICT,WinAppDB5,42.33.135.68,true,28-05-2024
RND,WinAppServer1,38.145.159.244,false,01-02-2024
PGMSB,WinAppServer3,33.24.59.155,true,15-09-2023
PGMSB,WinAD4,94.180.67.185,true,31-03-2023
GICT,WinAppDB5,207.24.241.124,true,19-10-2023
GICT,WinAppDB5,106.29.123.117,false,16-07-2023
GICT,WinAppServer1,15.227.2.224,false,21-06-2024
GICT,WinAppServer10,109.104.165.185,false,12-11-2024
RND,WinAD4,207.44.208.160,true,14-12-2023
PGMSB,WinAD4,29.243.87.139,true,18-03-2024
GICT,WinAD4,52.18.8.140,false,17-10-2024
GICT,WinAppServer3,220.211.212.23,true,08-01-2023
GICT,WinAppDB5,14.250.177.207,false,30-09-2023
GICT,WinAppServer3,118.46.113.169,true,03-11-2023
GICT,WinAppDB5,207.178.251.35,false,02-03-2024
PGMSB,WinAppServer10,196.165.193.198,true,21-10-2023
PGMSB,WinAD4,144.6.214.129,false,03-07-2023
GICT,WinAppServer1,151.148.61.101,true,27-02-2024
PGMSB,WinAppServer1,215.71.138.44,true,27-11-2024
PGMSB,WinAD4,125.5.44.17,false,05-01-2023
GICT,WinAppServer10,71.106.41.222,false,16-06-2024
GICT,WinAppServer3,96.251.187.69,false,12-06-2023
GICT,WinAD4,227.82.217.159,false,25-01-2023
GICT,WinAppServer115,30.192.241.41,true,19-07-2024
PGMSB,WinAppServer10,248.239.7.197,true,27-11-2024
RND,WinAppServer3,144.145.15.152,true,10-12-2024
GICT,WinAppServer1,22.83.28.18,true,24-04-2024
GICT,WinAppServer115,22.250.61.41,true,27-06-2023
GICT,WinAppServer10,161.115.188.200,true,08-05-2023
RND,WinAppServer3,190.82.216.83,true,02-06-2023
GICT,WinAppServer1,59.142.68.240,false,02-05-2024
PGMSB,WinAppServer3,187.186.18.150,true,24-09-2024
GICT,WinAppServer115,241.19.18.91,false,10-08-2023
GICT,WinAD4,52.213.7.132,true,30-03-2024
RND,WinAppServer10,20.48.179.31,false,21-01-2023
PGMSB,WinAppServer115,44.132.65.68,true,09-10-2023
PGMSB,WinAppServer115,67.178.152.130,false,28-05-2024
PGMSB,WinAppServer115,190.242.237.117,true,06-02-2023
PGMSB,WinAppDB5,6.17.139.235,false,23-04-2023
GICT,WinAppServer3,83.151.128.138,true,08-08-2024
PGMSB,WinAppServer115,195.53.229.152,true,19-01-2023
RND,WinAppServer10,138.116.68.164,true,31-07-2024
PGMSB,WinAD4,225.234.134.27,true,05-07-2024
GICT,WinAD4,115.144.246.65,true,30-08-2024
GICT,WinAppServer1,127.29.218.122,false,29-03-2024
PGMSB,WinAppDB5,124.6.207.151,false,24-02-2023
GICT,WinAD4,33.126.138.48,true,11-07-2023
GICT,WinAppServer3,243.217.31.1,false,19-04-2023
GICT,WinAD4,87.179.252.35,true,01-03-2023
RND,WinAppServer10,10.84.183.214,false,04-10-2024
PGMSB,WinAppServer3,224.242.134.252,false,13-06-2024
GICT,WinAppServer10,82.2.87.60,false,29-08-2024
RND,WinAppServer3,215.166.3.46,true,06-09-2023
RND,WinAppServer1,25.129.189.188,false,24-03-2024
PGMSB,WinAppServer115,88.30.76.5,false,11-06-2023
GICT,WinAppDB5,13.100.106.183,false,19-08-2024
RND,WinAppServer3,174.70.137.172,false,11-09-2023
GICT,WinAD4,197.125.65.44,true,14-04-2024
GICT,WinAppDB5,157.188.99.203,false,23-10-2023
GICT,WinAppServer115,172.58.213.46,false,01-05-2023
RND,WinAppServer10,122.104.162.66,true,21-05-2024
GICT,WinAppServer115,169.33.58.61,true,20-08-2023
GICT,WinAppServer3,75.234.247.88,true,25-07-2024
RND,WinAppServer115,222.21.61.18,false,24-11-2023
PGMSB,WinAppServer115,95.121.183.6,true,07-06-2024
GICT,WinAppServer115,97.139.128.182,false,28-02-2023
GICT,WinAppServer115,48.67.234.94,false,23-07-2024
PGMSB,WinAppServer10,222.160.219.208,false,19-06-2023
GICT,WinAppServer115,133.114.131.116,false,22-09-2023
PGMSB,WinAppServer1,21.201.97.48,true,25-10-2023
PGMSB,WinAppServer10,101.50.85.17,true,17-04-2024
GICT,WinAppServer1,75.47.241.35,false,12-01-2023
GICT,WinAppServer3,19.166.106.114,true,25-07-2023
GICT,WinAppServer115,107.221.205.89,true,09-09-2023
GICT,WinAppServer115,53.248.203.106,true,11-09-2023
GICT,WinAppServer1,218.128.60.72,false,11-11-2024
RND,WinAppServer10,161.57.184.10,false,17-05-2024
RND,WinAppServer3,99.141.79.255,false,13-11-2024
GICT,WinAD4,115.191.211.172,false,20-11-2023
GICT,WinAppServer10,72.91.198.31,true,29-05-2023
PGMSB,WinAD4,159.199.160.250,false,10-06-2023
RND,WinAppDB5,31.117.219.9,false,08-09-2024
RND,WinAD4,222.43.81.224,false,11-02-2023
RND,WinAppServer115,29.168.255.238,false,04-12-2023
RND,WinAppServer1,73.27.192.224,true,27-04-2023
PGMSB,WinAD4,101.58.105.169,true,07-06-2024
PGMSB,WinAppServer1,134.152.147.0,true,08-03-2024
PGMSB,WinAD4,17.63.48.33,true,21-08-2024
PGMSB,WinAD4,95.187.157.167,false,02-02-2023
GICT,WinAppServer115,227.90.50.56,true,13-09-2023
RND,WinAppServer3,157.22.47.137,true,04-04-2023
GICT,WinAppServer3,1.20.194.58,false,16-02-2024
GICT,WinAppDB5,210.246.196.129,false,18-11-2024
PGMSB,WinAppServer3,43.183.235.37,true,23-03-2023
PGMSB,WinAppServer3,55.139.166.2,false,07-09-2024
GICT,WinAD4,37.137.166.71,true,04-07-2024
GICT,WinAppServer10,158.217.106.253,true,15-10-2023
GICT,WinAppServer3,188.98.115.203,false,18-10-2024
GICT,WinAD4,49.76.56.40,false,28-01-2023
PGMSB,WinAD4,62.227.223.219,true,10-10-2024
GICT,WinAppServer10,171.43.62.201,false,31-08-2024
GICT,WinAppServer10,149.110.138.29,false,02-04-2023
PGMSB,WinAD4,115.157.82.193,true,05-09-2023
RND,WinAppServer115,134.229.249.202,true,26-02-2023
GICT,WinAppDB5,3.55.253.75,true,10-08-2024
GICT,WinAppServer10,214.84.96.153,true,02-11-2023
GICT,WinAppServer1,98.250.60.157,false,09-11-2023
PGMSB,WinAppServer3,106.82.209.149,false,11-03-2023
PGMSB,WinAD4,242.156.98.235,false,04-08-2023
PGMSB,WinAppDB5,0.91.84.11,true,11-03-2024
PGMSB,WinAD4,199.85.140.46,true,10-05-2023
PGMSB,WinAppServer1,234.131.58.102,false,25-04-2023
PGMSB,WinAppServer3,135.179.214.53,false,26-01-2024
PGMSB,WinAD4,174.107.118.189,false,24-04-2024
GICT,WinAppServer10,41.54.24.163,true,22-03-2024
GICT,WinAppServer3,157.59.152.213,true,08-02-2023
PGMSB,WinAppServer3,181.255.119.153,true,24-04-2023
RND,WinAppServer10,159.254.34.166,true,22-07-2023
GICT,WinAppDB5,67.126.96.200,false,02-12-2024
GICT,WinAppServer10,226.139.105.231,false,24-08-2023
PGMSB,WinAD4,187.178.94.68,false,04-07-2024
GICT,WinAppServer1,46.213.50.203,true,23-12-2023
RND,WinAppDB5,226.1.131.101,false,22-07-2024
GICT,WinAppDB5,206.208.64.247,true,26-09-2023
GICT,WinAD4,116.31.0.140,true,29-03-2023
GICT,WinAD4,239.16.8.213,true,14-03-2024
PGMSB,WinAD4,115.222.185.41,false,28-12-2023
GICT,WinAppServer115,177.188.65.129,false,24-03-2024
PGMSB,WinAD4,160.123.107.219,false,11-11-2024
PGMSB,WinAppServer1,134.251.94.190,false,15-03-2023
GICT,WinAppServer10,15.22.99.41,false,24-11-2024
GICT,WinAppServer115,61.24.232.126,false,15-05-2023
GICT,WinAppDB5,253.51.230.213,true,16-02-2023
PGMSB,WinAppServer10,87.46.166.106,true,22-01-2023
GICT,WinAD4,65.89.218.4,false,25-07-2023
PGMSB,WinAppDB5,133.40.167.83,true,25-10-2024
RND,WinAppServer10,156.231.187.217,false,22-03-2023
RND,WinAppServer115,183.101.76.33,true,11-02-2024
GICT,WinAppServer115,110.248.43.170,true,18-02-2023
GICT,WinAppDB5,4.120.240.169,false,18-07-2024
GICT,WinAppServer115,51.69.37.251,true,12-03-2024
GICT,WinAppDB5,28.223.46.62,true,12-08-2024
RND,WinAppDB5,201.172.223.86,true,05-08-2023
GICT,WinAppServer115,114.89.36.33,false,29-10-2024
PGMSB,WinAppServer10,121.49.254.134,false,05-01-2024
GICT,WinAD4,102.154.216.127,true,22-11-2023
PGMSB,WinAppServer3,115.87.176.8,true,17-12-2023
GICT,WinAppDB5,229.238.213.31,false,18-06-2024
GICT,WinAppServer115,136.137.81.184,true,27-04-2023
GICT,WinAppDB5,141.42.100.13,false,01-12-2023
PGMSB,WinAppServer115,2.208.228.44,true,21-09-2024
GICT,WinAD4,130.28.67.68,false,22-11-2023
RND,WinAppServer3,94.212.147.159,true,30-12-2024
PGMSB,WinAppDB5,141.125.171.140,false,17-11-2023
PGMSB,WinAppServer115,109.113.39.134,true,10-08-2023
PGMSB,WinAppServer115,78.3.209.50,true,27-02-2024
RND,WinAppDB5,138.117.225.178,true,19-01-2024
PGMSB,WinAppDB5,206.184.162.24,true,20-01-2023
RND,WinAppServer10,32.35.135.56,true,23-12-2023
GICT,WinAppServer10,132.95.202.80,false,24-04-2023
GICT,WinAD4,228.120.80.28,true,05-10-2024
RND,WinAD4,201.101.171.156,true,05-10-2024
PGMSB,WinAppServer115,119.62.213.197,false,14-09-2024
PGMSB,WinAppServer10,121.105.191.89,false,01-02-2024
GICT,WinAppServer3,33.155.141.212,true,30-01-2024
PGMSB,WinAppServer115,114.232.88.182,true,08-08-2023
RND,WinAppDB5,84.51.240.11,false,19-08-2023
GICT,WinAppServer115,220.97.43.152,true,10-10-2024
GICT,WinAppServer3,64.146.44.130,false,11-07-2023
GICT,WinAppServer1,135.48.118.12,true,04-04-2024
PGMSB,WinAppDB5,43.90.128.227,true,12-07-2024
RND,WinAppServer10,54.178.209.241,true,01-03-2024
RND,WinAppServer115,146.23.64.179,false,21-07-2023
GICT,WinAD4,77.85.218.222,true,19-10-2024
PGMSB,WinAppServer1,149.182.164.57,true,27-12-2023
GICT,WinAppServer3,32.210.76.17,false,22-04-2023
GICT,WinAppDB5,47.76.146.79,true,26-09-2024
PGMSB,WinAD4,214.75.131.232,false,06-07-2023
PGMSB,WinAppServer1,170.90.235.22,true,09-03-2024
RND,WinAppDB5,24.110.13.121,false,24-05-2024
RND,WinAppServer3,164.120.123.12,true,26-07-2023
GICT,WinAppDB5,29.244.247.241,false,27-12-2023
RND,WinAppServer1,116.63.28.144,true,23-03-2023
PGMSB,WinAppServer10,191.171.73.9,true,16-01-2024
GICT,WinAppServer1,141.73.5.76,true,29-10-2024
GICT,WinAppServer115,137.54.170.15,false,11-02-2024
PGMSB,WinAppServer115,93.168.186.44,true,06-01-2023
GICT,WinAppServer10,119.184.138.252,false,29-10-2023
PGMSB,WinAppServer1,97.219.162.30,true,18-07-2024
GICT,WinAppServer10,163.72.161.58,true,02-07-2024
PGMSB,WinAppDB5,225.181.241.164,false,16-06-2023
RND,WinAppServer10,88.81.196.55,true,27-03-2024
RND,WinAppServer10,191.171.174.242,true,11-08-2024
PGMSB,WinAppServer10,152.54.127.142,false,19-12-2024
GICT,WinAD4,13.216.4.138,true,13-05-2023
PGMSB,WinAppServer3,118.209.141.37,true,19-10-2023
GICT,WinAppServer1,157.6.9.248,false,11-11-2023
RND,WinAD4,6.18.121.58,false,21-09-2024
RND,WinAppServer1,252.163.242.150,false,03-04-2024
GICT,WinAppDB5,84.16.227.2,true,18-11-2024
GICT,WinAppServer1,198.37.218.114,true,30-11-2023
GICT,WinAppDB5,189.8.106.86,true,14-06-2024
RND,WinAppServer3,66.205.234.146,false,23-08-2023
GICT,WinAppDB5,123.189.24.142,true,30-05-2024
RND,WinAppServer1,216.235.222.61,false,29-01-2023
PGMSB,WinAppServer1,16.106.10.200,false,01-04-2024
PGMSB,WinAppServer115,219.166.16.192,false,29-05-2023
PGMSB,WinAppServer1,200.96.40.67,false,01-02-2024
GICT,WinAppDB5,206.31.146.39,true,21-02-2023
PGMSB,WinAppServer3,122.224.127.247,true,21-01-2024
RND,WinAppDB5,138.227.166.244,false,03-06-2024
GICT,WinAppDB5,119.11.128.27,false,05-02-2023
PGMSB,WinAppServer10,106.134.41.112,false,03-09-2024
RND,WinAppServer10,203.28.214.161,false,17-01-2023
GICT,WinAD4,29.16.92.161,false,09-11-2024
GICT,WinAD4,239.213.37.160,true,17-03-2024
GICT,WinAppDB5,194.101.93.21,true,30-05-2024
GICT,WinAppServer115,154.135.39.75,false,26-12-2024
PGMSB,WinAppServer1,105.3.115.16,false,19-11-2024
GICT,WinAppServer3,125.30.215.131,false,30-08-2023
PGMSB,WinAppDB5,52.60.67.63,true,08-09-2024
PGMSB,WinAppServer1,227.132.165.244,true,10-09-2024
RND,WinAppServer115,187.59.181.190,true,03-03-2024
PGMSB,WinAppServer1,192.70.118.139,false,27-06-2024
RND,WinAppDB5,75.10.176.153,true,08-07-2023
PGMSB,WinAppServer3,219.35.1.0,true,24-07-2023
PGMSB,WinAppServer1,115.161.133.212,true,11-03-2024
GICT,WinAppServer115,45.254.21.132,true,11-10-2023
GICT,WinAppServer1,40.71.239.1,false,29-06-2023
GICT,WinAppServer10,53.138.255.79,true,10-06-2024
PGMSB,WinAppServer115,199.229.68.7,false,21-08-2023
GICT,WinAppServer1,229.200.28.224,false,02-11-2024
GICT,WinAppDB5,12.149.37.110,true,01-06-2024
GICT,WinAppDB5,155.152.148.48,false,18-04-2024
GICT,WinAppServer10,193.95.193.129,true,02-04-2024
GICT,WinAppServer1,19.217.69.59,true,13-06-2023
GICT,WinAppServer10,172.58.105.253,true,04-07-2023
GICT,WinAD4,126.34.103.96,true,10-04-2023
GICT,WinAppDB5,90.121.233.211,false,16-02-2023
GICT,WinAD4,153.12.209.71,false,26-11-2023
GICT,WinAD4,50.42.34.230,true,15-06-2023
GICT,WinAD4,30.55.13.35,false,15-02-2024
PGMSB,WinAppServer10,17.53.38.122,true,02-05-2023
GICT,WinAppServer3,187.176.67.40,false,12-07-2024
RND,WinAD4,245.40.42.104,true,03-12-2023
RND,WinAppServer1,162.110.199.208,true,20-04-2023
GICT,WinAppDB5,185.40.147.118,false,26-02-2024
PGMSB,WinAppServer10,246.50.115.186,true,03-10-2023
GICT,WinAD4,174.68.180.160,true,18-06-2024
PGMSB,WinAppServer10,198.165.23.103,false,24-03-2023
GICT,WinAppServer10,31.117.231.247,false,25-01-2023
PGMSB,WinAppServer115,35.222.192.231,true,10-06-2024
GICT,WinAppDB5,200.85.192.8,false,29-06-2024
GICT,WinAppServer1,13.51.220.252,false,07-01-2023
GICT,WinAppServer10,243.224.158.225,false,12-11-2024
PGMSB,WinAppServer115,209.223.196.0,true,11-07-2024
GICT,WinAD4,238.94.223.46,true,12-01-2023
PGMSB,WinAppServer10,19.251.79.61,true,20-07-2024
GICT,WinAppServer10,187.43.63.13,false,07-11-2023
GICT,WinAD4,102.105.154.122,true,03-06-2023
GICT,WinAD4,77.191.139.241,false,13-04-2024
GICT,WinAppDB5,208.49.10.117,false,01-03-2024
PGMSB,WinAppDB5,212.63.13.227,true,21-08-2024
RND,WinAppServer115,136.98.116.153,true,04-06-2023
PGMSB,WinAppServer115,173.19.129.10,false,01-04-2024
GICT,WinAppServer1,211.79.206.92,false,30-07-2023
GICT,WinAppServer10,44.56.162.128,false,23-01-2023
RND,WinAppServer3,151.192.140.140,false,12-05-2024
GICT,WinAppServer115,162.96.208.238,true,03-12-2024
PGMSB,WinAppDB5,36.107.158.196,false,12-08-2024
GICT,WinAppDB5,82.54.251.234,true,07-12-2024
RND,WinAppServer3,234.1.7.113,false,18-09-2023
GICT,WinAD4,139.188.115.147,true,26-09-2023
GICT,WinAppServer10,83.187.252.204,true,09-03-2023
GICT,WinAppDB5,215.158.27.199,false,15-06-2023
GICT,WinAppServer1,129.179.55.92,true,30-11-2023
PGMSB,WinAppServer115,124.16.129.67,false,05-06-2024
GICT,WinAppServer10,112.208.173.4,false,23-03-2024
PGMSB,WinAppServer10,94.103.208.117,true,28-03-2023
PGMSB,WinAD4,108.208.250.68,true,06-10-2023
GICT,WinAppServer10,207.170.34.8,false,29-06-2024
GICT,WinAD4,208.89.138.231,false,15-12-2024
PGMSB,WinAD4,19.210.7.172,false,27-04-2023
GICT,WinAppServer1,151.19.58.187,true,07-04-2023
GICT,WinAppServer115,89.169.183.239,false,14-08-2024
RND,WinAppServer1,20.250.48.143,true,08-03-2024
PGMSB,WinAppServer3,71.67.185.194,true,29-03-2024
PGMSB,WinAppDB5,46.108.161.72,true,30-01-2024
GICT,WinAppServer115,120.108.79.114,true,29-02-2024
PGMSB,WinAppServer10,69.28.20.187,true,29-09-2024
PGMSB,WinAD4,19.191.252.57,false,21-10-2024
GICT,WinAppDB5,27.245.79.59,false,08-03-2023
PGMSB,WinAppServer115,214.246.44.119,true,19-08-2023
GICT,WinAppServer10,195.218.16.129,true,10-12-2024
RND,WinAD4,208.119.71.144,false,12-02-2023
GICT,WinAppDB5,159.10.37.206,true,04-08-2023
GICT,WinAppDB5,4.81.97.162,true,02-03-2023
GICT,WinAppServer115,117.13.82.86,true,08-06-2024
GICT,WinAppServer10,150.130.110.46,false,06-10-2024
PGMSB,WinAppDB5,24.123.50.29,false,08-07-2024
GICT,WinAD4,211.38.99.47,true,29-12-2023
GICT,WinAppServer115,37.51.232.234,true,13-03-2023
GICT,WinAppServer1,123.230.61.151,false,16-06-2024
PGMSB,WinAppServer3,161.248.210.226,false,07-08-2024
PGMSB,WinAD4,41.238.125.185,true,21-11-2023
PGMSB,WinAppServer3,70.127.213.111,true,30-04-2023
PGMSB,WinAppServer3,103.173.156.241,true,13-11-2023
GICT,WinAD4,150.245.92.103,false,29-07-2023
GICT,WinAppDB5,192.10.176.10,true,12-05-2023
GICT,WinAD4,234.135.165.244,false,11-05-2023
GICT,WinAppServer10,26.3.151.191,true,10-09-2024
PGMSB,WinAppServer1,159.67.12.61,false,21-09-2023
GICT,WinAppServer3,118.30.41.79,false,13-12-2024
PGMSB,WinAppDB5,101.166.35.89,true,08-11-2023
GICT,WinAppDB5,73.58.99.30,true,18-10-2023
GICT,WinAD4,94.65.106.149,false,15-07-2024
PGMSB,WinAppServer1,94.175.191.176,true,27-03-2023
PGMSB,WinAppServer3,50.243.192.230,false,03-07-2024
GICT,WinAppServer3,64.40.234.38,true,31-12-2023
GICT,WinAD4,121.38.211.106,false,19-09-2024
RND,WinAppServer3,132.189.48.59,true,26-11-2023
GICT,WinAppDB5,82.183.242.76,true,09-02-2023
GICT,WinAD4,47.111.218.185,false,21-04-2023
GICT,WinAppServer10,208.172.73.70,false,10-02-2024
GICT,WinAppDB5,162.197.189.88,true,18-09-2023
PGMSB,WinAppServer115,10.149.100.37,true,19-04-2024
GICT,WinAppServer10,85.43.248.187,false,02-02-2023
GICT,WinAppServer115,136.64.160.107,true,27-12-2023
GICT,WinAppServer10,71.117.119.59,false,05-11-2024
GICT,WinAppDB5,122.141.76.104,false,16-12-2023
GICT,WinAppServer3,84.81.11.216,false,17-08-2023
GICT,WinAppServer115,104.199.83.77,false,14-05-2024
GICT,WinAppServer1,162.181.82.102,true,21-11-2024
PGMSB,WinAppServer10,153.243.12.188,false,28-08-2023
PGMSB,WinAppServer10,13.89.59.104,true,12-06-2024
PGMSB,WinAD4,199.167.220.143,true,14-03-2024
GICT,WinAppServer1,54.43.254.224,false,03-05-2023
PGMSB,WinAppServer10,159.160.80.31,false,10-02-2023
GICT,WinAD4,83.31.169.238,true,19-11-2024
PGMSB,WinAppServer3,229.166.113.180,false,05-07-2024
PGMSB,WinAppServer3,235.133.68.17,false,23-10-2024
GICT,WinAppServer3,232.218.108.99,true,19-08-2023
GICT,WinAD4,34.207.181.181,true,22-12-2023
GICT,WinAD4,237.64.40.133,false,25-01-2023
RND,WinAppServer115,216.207.17.159,false,30-10-2024
GICT,WinAppServer3,152.24.191.111,false,01-06-2024
PGMSB,WinAppDB5,95.158.249.137,false,15-12-2023
PGMSB,WinAppServer10,182.42.32.254,true,30-11-2024
GICT,WinAppServer115,96.143.76.70,true,24-11-2024
PGMSB,WinAppServer115,88.101.45.157,false,21-08-2023
PGMSB,WinAppServer10,79.67.92.124,true,18-03-2024
PGMSB,WinAppServer3,123.230.86.248,true,14-12-2023
GICT,WinAppServer115,61.92.233.183,true,01-09-2024
GICT,WinAppDB5,109.16.115.63,false,01-08-2023
GICT,WinAppDB5,221.203.19.66,true,22-07-2024
GICT,WinAppServer115,208.251.76.66,true,27-12-2023
GICT,WinAppServer10,231.169.60.97,true,26-07-2024
PGMSB,WinAppServer1,239.217.205.119,true,07-10-2024
RND,WinAD4,211.123.86.123,false,19-07-2024
GICT,WinAppServer115,90.181.15.39,false,02-05-2024
RND,WinAppServer3,74.175.24.185,false,10-07-2024
GICT,WinAppServer115,102.39.72.90,false,19-12-2023
RND,WinAppServer10,242.23.70.179,true,07-02-2023
PGMSB,WinAppServer10,202.78.70.89,true,08-06-2023
RND,WinAppServer115,29.14.208.4,false,01-04-2023
PGMSB,WinAppServer115,170.244.151.4,true,15-07-2023
RND,WinAppServer115,121.91.154.33,false,05-04-2024
GICT,WinAD4,50.62.139.136,true,28-04-2024
GICT,WinAppDB5,87.34.29.200,false,25-02-2024
PGMSB,WinAppServer10,171.147.86.126,true,12-12-2023
PGMSB,WinAppServer1,249.113.29.73,false,05-03-2024
GICT,WinAppServer3,156.198.58.17,true,31-03-2024
GICT,WinAppServer1,228.40.8.2,true,23-02-2023
RND,WinAD4,11.31.35.102,true,12-08-2023
GICT,WinAppServer10,231.90.103.94,true,13-12-2023
GICT,WinAppDB5,100.108.139.202,false,23-05-2023
PGMSB,WinAD4,173.121.183.68,true,19-03-2024
PGMSB,WinAppServer3,77.51.66.83,false,02-11-2023
GICT,WinAppServer10,164.97.118.67,true,16-09-2024
PGMSB,WinAD4,190.228.132.227,false,15-01-2024
PGMSB,WinAppServer10,223.230.73.3,false,26-02-2023
RND,WinAppServer3,123.29.105.152,false,09-03-2024
GICT,WinAppServer10,179.224.21.229,false,24-11-2023
PGMSB,WinAppServer1,173.224.128.98,false,19-05-2024
GICT,WinAppServer115,29.123.45.242,false,24-02-2023
PGMSB,WinAD4,74.36.102.17,true,30-06-2024
GICT,WinAppServer1,198.126.254.43,false,31-12-2023
GICT,WinAD4,80.3.219.80,true,24-03-2023
GICT,WinAppServer115,201.239.229.103,true,09-04-2024
PGMSB,WinAD4,9.85.5.233,false,22-05-2024
RND,WinAD4,88.243.209.111,false,15-08-2023
GICT,WinAppServer115,226.20.14.27,false,07-08-2024
GICT,WinAppServer115,55.27.139.80,false,10-07-2024
GICT,WinAppServer10,19.95.39.70,true,26-10-2024
PGMSB,WinAppServer3,82.72.209.7,false,29-04-2023
GICT,WinAppServer10,26.21.44.56,true,05-01-2024
PGMSB,WinAppServer1,98.73.118.143,false,10-12-2023
GICT,WinAppServer10,218.126.6.62,false,18-10-2024
GICT,WinAppServer115,207.166.71.252,true,04-02-2024
GICT,WinAppServer115,90.29.169.221,true,23-12-2023
GICT,WinAppDB5,17.30.58.89,true,17-06-2023
RND,WinAppServer115,195.92.68.21,true,13-10-2024
GICT,WinAD4,54.83.160.166,true,05-03-2024
PGMSB,WinAppServer115,188.193.7.184,true,19-08-2024
GICT,WinAD4,177.184.250.136,true,09-05-2023
PGMSB,WinAppDB5,177.124.127.240,true,17-08-2024
GICT,WinAppServer115,147.176.189.6,true,18-06-2024
GICT,WinAppServer1,40.12.71.199,true,28-06-2023
PGMSB,WinAppDB5,188.188.161.81,false,17-03-2023
GICT,WinAD4,198.47.117.195,true,06-12-2024
RND,WinAppServer10,192.143.166.202,false,17-06-2023
GICT,WinAppServer1,213.126.4.224,false,15-11-2023
GICT,WinAppServer3,169.97.133.222,true,31-07-2024
RND,WinAD4,68.216.8.157,false,11-06-2024
GICT,WinAppServer3,196.24.227.213,true,28-06-2024
PGMSB,WinAppServer10,99.174.45.5,false,13-07-2023
PGMSB,WinAppServer1,122.212.233.128,false,21-04-2024
RND,WinAppServer3,242.219.206.23,true,24-08-2023
RND,WinAppServer115,193.78.114.149,true,29-10-2024
GICT,WinAppServer10,87.238.114.23,true,28-09-2024
RND,WinAppServer3,176.166.4.188,false,30-05-2024
PGMSB,WinAppServer1,58.28.183.222,false,06-06-2023
PGMSB,WinAppServer10,23.89.17.196,true,24-03-2023
GICT,WinAppServer3,38.82.241.176,true,15-04-2024
RND,WinAD4,27.102.26.204,false,28-11-2024
GICT,WinAppServer3,164.195.89.80,false,24-04-2024
PGMSB,WinAppServer115,68.242.101.93,false,07-12-2024
GICT,WinAppServer3,247.118.236.205,true,16-08-2024
PGMSB,WinAppServer10,2.214.132.38,true,17-02-2024
GICT,WinAppDB5,148.112.87.38,false,12-02-2024
GICT,WinAppServer1,144.248.47.189,true,13-05-2023
GICT,WinAppServer10,245.193.179.142,false,12-05-2024
GICT,WinAppServer1,204.45.201.245,true,28-12-2023
GICT,WinAppServer115,178.229.17.26,true,06-05-2023
PGMSB,WinAppServer3,121.57.231.4,false,17-08-2023
PGMSB,WinAD4,69.4.186.57,false,13-11-2024
RND,WinAppServer1,186.201.11.57,false,16-01-2024
PGMSB,WinAD4,35.66.229.248,true,22-11-2024
GICT,WinAD4,155.239.105.30,true,05-01-2023
GICT,WinAppServer115,203.196.169.61,true,15-06-2023
GICT,WinAD4,96.32.72.170,true,07-01-2024
RND,WinAD4,84.65.110.185,false,16-06-2024
PGMSB,WinAppServer115,24.13.239.21,true,16-05-2024
RND,WinAppDB5,137.19.237.0,true,27-02-2023
RND,WinAppServer115,220.30.9.16,true,30-06-2023
PGMSB,WinAppServer115,117.150.144.98,true,23-04-2024
GICT,WinAppDB5,66.39.191.225,false,04-03-2024
PGMSB,WinAppServer10,158.62.51.5,true,16-12-2023
PGMSB,WinAppServer115,209.159.98.196,true,23-08-2023
GICT,WinAppServer1,250.219.31.115,false,23-09-2024
RND,WinAppDB5,175.112.114.52,false,26-03-2024
PGMSB,WinAppServer10,169.90.117.13,false,28-11-2023
PGMSB,WinAppDB5,201.194.139.177,false,04-11-2023
GICT,WinAppServer1,16.87.124.1,false,23-04-2023
PGMSB,WinAppServer1,60.55.150.187,false,19-07-2024
PGMSB,WinAppServer115,34.188.9.187,true,31-01-2024
GICT,WinAppServer1,213.52.49.193,true,08-06-2024
GICT,WinAppServer115,64.177.211.183,true,09-10-2024
PGMSB,WinAD4,213.190.144.50,true,10-03-2024
RND,WinAppServer3,55.72.244.78,true,06-11-2023
GICT,WinAppServer115,65.177.178.241,true,02-05-2023
GICT,WinAppServer1,49.151.16.138,true,28-12-2023
PGMSB,WinAppServer115,35.247.157.65,false,07-06-2023
GICT,WinAppDB5,173.169.11.199,true,19-09-2024
GICT,WinAppServer1,221.23.115.117,true,02-09-2023
GICT,WinAppServer3,44.213.172.134,false,18-12-2023
PGMSB,WinAppServer3,49.104.86.151,true,26-07-2023
RND,WinAD4,20.224.10.167,false,25-02-2024
GICT,WinAppServer115,99.249.199.243,true,15-01-2023
GICT,WinAppDB5,141.92.160.80,false,11-07-2024
GICT,WinAppDB5,229.61.82.246,true,02-07-2024
GICT,WinAppDB5,198.162.90.199,false,22-10-2024
PGMSB,WinAppServer115,108.224.12.0,true,29-10-2024
GICT,WinAD4,76.189.181.26,false,07-01-2023
GICT,WinAppServer1,5.188.197.198,false,18-12-2024
GICT,WinAppServer1,93.95.151.227,true,20-12-2024
GICT,WinAppServer3,220.141.51.75,false,07-01-2024
PGMSB,WinAppServer1,8.105.66.151,true,08-08-2023
GICT,WinAD4,59.134.20.11,false,09-08-2024
PGMSB,WinAppServer3,205.239.184.188,false,29-08-2024
GICT,WinAppServer3,32.116.52.198,true,02-06-2024
RND,WinAppServer1,160.132.39.227,true,23-02-2023
GICT,WinAppServer10,240.81.182.53,true,21-08-2024
PGMSB,WinAppDB5,244.107.155.202,false,18-03-2023
PGMSB,WinAD4,224.99.33.71,true,08-11-2024
PGMSB,WinAppServer10,65.31.241.164,false,05-10-2024
GICT,WinAppServer115,202.62.79.76,false,02-11-2024
PGMSB,WinAppServer115,14.13.134.86,false,20-05-2024
GICT,WinAppServer115,144.58.46.145,true,27-07-2024
GICT,WinAD4,90.42.225.42,true,07-05-2024
GICT,WinAppDB5,131.92.6.73,true,21-11-2024
RND,WinAppDB5,236.60.38.163,true,15-07-2023
PGMSB,WinAppServer3,214.129.104.247,true,12-01-2023
GICT,WinAppServer115,36.38.252.58,true,15-06-2023
RND,WinAppServer3,233.183.5.25,true,13-12-2023
PGMSB,WinAppServer1,91.15.201.105,false,08-06-2023
GICT,WinAppServer115,165.97.70.232,false,27-11-2024
GICT,WinAD4,42.150.78.50,true,05-10-2024
PGMSB,WinAD4,149.63.157.72,false,11-11-2024
PGMSB,WinAppServer10,126.74.183.103,true,24-08-2023
PGMSB,WinAppServer10,165.29.237.89,true,17-02-2023
PGMSB,WinAppServer10,70.244.160.64,false,28-04-2023
GICT,WinAppServer3,163.114.131.181,true,28-04-2024
PGMSB,WinAD4,228.159.6.98,false,28-09-2023
GICT,WinAppDB5,181.133.84.203,false,07-01-2023
RND,WinAppServer1,37.5.14.5,false,16-06-2023
GICT,WinAppDB5,170.173.179.122,true,27-07-2024
GICT,WinAppServer115,29.61.11.47,false,17-05-2023
GICT,WinAppServer10,242.5.201.136,false,10-05-2023
PGMSB,WinAppServer3,144.80.234.227,true,25-11-2024
GICT,WinAppServer115,74.49.57.167,true,25-12-2023
PGMSB,WinAppServer3,107.110.225.166,false,03-09-2024
PGMSB,WinAppServer115,55.55.136.62,false,13-08-2024
PGMSB,WinAppServer115,193.239.86.222,false,23-03-2023
RND,WinAppDB5,218.213.102.129,true,24-08-2023
RND,WinAppServer3,233.16.134.222,false,17-07-2023
GICT,WinAppServer1,28.41.48.71,true,04-08-2024
PGMSB,WinAppServer10,98.80.77.53,true,23-08-2024
GICT,WinAppServer1,160.65.89.131,true,09-07-2024
PGMSB,WinAppServer115,139.240.232.237,true,26-08-2023
GICT,WinAppServer3,136.103.106.44,false,11-01-2024
GICT,WinAppDB5,234.220.48.46,false,25-05-2024
RND,WinAD4,224.130.115.247,false,02-10-2023
RND,WinAppDB5,253.133.14.111,false,25-08-2024
GICT,WinAppServer3,17.64.181.108,false,17-02-2023
GICT,WinAppServer1,138.150.159.250,false,09-08-2024
PGMSB,WinAppServer3,53.44.232.75,true,25-09-2023
GICT,WinAppDB5,22.201.44.187,true,06-04-2024
PGMSB,WinAppServer3,100.245.102.114,false,10-07-2023
PGMSB,WinAppDB5,105.255.111.63,false,25-06-2023
PGMSB,WinAppServer10,11.159.22.58,true,15-07-2024
RND,WinAppDB5,189.250.35.152,false,05-12-2024
RND,WinAppServer1,139.147.191.129,false,05-03-2023
PGMSB,WinAppServer115,41.107.130.228,true,14-12-2024
GICT,WinAD4,1.15.160.110,true,16-03-2024
GICT,WinAppServer1,18.185.147.163,true,25-12-2024
PGMSB,WinAppServer1,212.98.0.60,true,22-04-2024
GICT,WinAppDB5,252.191.22.138,false,13-01-2024
PGMSB,WinAppServer1,110.204.67.96,true,20-10-2024
PGMSB,WinAppServer1,85.84.248.161,true,17-07-2023
PGMSB,WinAppServer3,56.6.48.175,true,19-07-2024
RND,WinAppDB5,240.147.177.198,false,02-05-2023
GICT,WinAD4,237.149.120.75,true,10-05-2024
GICT,WinAD4,169.97.181.213,true,02-10-2023
GICT,WinAppServer1,224.153.203.211,true,24-01-2023
RND,WinAppServer115,145.58.103.186,true,05-11-2024
PGMSB,WinAppServer1,17.34.55.59,true,06-03-2024
GICT,WinAppDB5,174.160.5.146,true,24-10-2024
GICT,WinAD4,247.12.128.219,false,23-05-2024
GICT,WinAD4,148.241.170.84,true,13-10-2023
RND,WinAppServer3,4.215.78.92,true,07-10-2023
PGMSB,WinAppServer115,7.124.73.47,true,28-12-2023
GICT,WinAppServer1,8.205.197.26,false,03-01-2024
RND,WinAppServer10,55.126.94.62,true,23-08-2023
PGMSB,WinAD4,240.29.121.130,true,09-05-2024
PGMSB,WinAppServer10,100.150.31.76,true,10-04-2023
PGMSB,WinAppServer115,80.138.40.22,false,05-04-2024
GICT,WinAppServer10,54.94.19.11,false,14-09-2024
PGMSB,WinAppServer115,184.14.225.242,false,11-07-2023
PGMSB,WinAppServer115,67.151.205.240,true,20-08-2024
PGMSB,WinAppServer115,221.106.254.210,true,11-07-2024
PGMSB,WinAppServer3,110.40.159.55,true,24-05-2023
PGMSB,WinAD4,103.82.237.222,false,12-05-2024
RND,WinAppServer10,114.98.151.41,false,08-08-2024
GICT,WinAppServer115,212.48.229.174,false,21-11-2024
GICT,WinAD4,250.205.198.102,false,29-08-2023
GICT,WinAppServer115,177.16.63.75,true,09-08-2023
PGMSB,WinAppServer115,244.199.221.243,false,22-09-2023
GICT,WinAppServer3,222.248.181.163,true,14-04-2023
GICT,WinAppServer115,230.198.96.171,false,14-10-2023
GICT,WinAppServer3,154.29.221.96,false,27-12-2024
PGMSB,WinAppServer1,33.198.42.157,true,18-11-2024
PGMSB,WinAppServer115,81.171.36.172,true,06-12-2024
PGMSB,WinAppServer3,75.93.18.218,false,24-02-2024
GICT,WinAD4,13.61.242.242,true,30-03-2024
GICT,WinAppServer115,58.9.238.55,false,04-08-2024
PGMSB,WinAppServer3,0.36.76.243,true,18-09-2024
PGMSB,WinAD4,155.144.254.145,true,17-04-2024
PGMSB,WinAppDB5,179.30.39.249,true,19-01-2024
GICT,WinAppServer115,183.48.141.50,true,15-04-2023
RND,WinAppServer1,126.175.194.197,false,12-12-2023
PGMSB,WinAppDB5,23.94.30.173,true,25-03-2023
GICT,WinAppServer3,45.182.161.58,true,15-12-2023
GICT,WinAppServer1,237.192.189.34,false,13-01-2023
GICT,WinAppServer3,81.160.98.102,true,04-01-2024
GICT,WinAppServer3,108.240.29.12,true,15-11-2023
PGMSB,WinAppDB5,55.116.212.29,false,16-09-2023
GICT,WinAppServer10,58.5.133.173,true,22-05-2024
PGMSB,WinAppServer1,1.107.84.95,false,02-08-2024
PGMSB,WinAppDB5,160.146.209.153,false,10-10-2023
PGMSB,WinAppServer3,119.47.199.206,true,03-08-2024
GICT,WinAppServer10,188.78.204.192,true,06-03-2024
GICT,WinAppServer10,109.169.255.28,false,01-10-2023
PGMSB,WinAD4,82.68.238.157,true,23-08-2024
RND,WinAppServer115,161.173.228.29,true,30-07-2024
GICT,WinAppDB5,228.166.191.36,false,31-05-2024
RND,WinAppServer1,143.173.250.248,true,18-06-2023
PGMSB,WinAppServer10,9.235.53.156,false,08-05-2024
PGMSB,WinAppDB5,20.59.70.180,true,08-03-2023
RND,WinAppDB5,134.24.206.32,false,02-10-2023
GICT,WinAppServer1,151.122.185.243,false,10-12-2024
PGMSB,WinAppServer3,136.87.37.93,true,10-08-2023
GICT,WinAD4,105.53.191.252,true,12-04-2023
PGMSB,WinAppServer115,195.34.222.42,false,11-06-2023
PGMSB,WinAppServer3,8.44.73.234,false,20-07-2023
PGMSB,WinAppDB5,127.219.234.111,true,26-03-2023
RND,WinAppServer10,75.196.162.250,true,14-04-2023
RND,WinAD4,201.240.141.23,false,14-12-2024
GICT,WinAppServer1,145.32.94.130,false,29-05-2023
PGMSB,WinAppDB5,110.202.207.241,false,14-03-2023
GICT,WinAppServer115,8.41.35.102,false,19-05-2024
PGMSB,WinAppServer115,1.54.66.209,true,03-10-2023
GICT,WinAppServer1,174.67.203.161,false,05-01-2023
PGMSB,WinAppServer115,149.239.130.232,true,01-08-2023
GICT,WinAppServer3,47.57.204.114,true,13-09-2024
GICT,WinAppDB5,65.144.255.81,true,26-07-2023
RND,WinAppServer1,70.179.84.231,true,17-04-2023
PGMSB,WinAD4,213.137.152.62,true,06-11-2024
PGMSB,WinAppServer1,141.30.64.98,true,12-02-2024
RND,WinAppServer3,154.55.89.241,false,22-08-2023
PGMSB,WinAppServer1,94.207.195.4,false,18-06-2023
PGMSB,WinAppDB5,102.222.150.59,true,28-06-2024
PGMSB,WinAppDB5,226.89.53.95,true,16-01-2023
PGMSB,WinAppServer10,61.70.47.24,true,03-07-2024
GICT,WinAppServer115,41.153.215.59,true,12-02-2023
RND,WinAppServer1,42.200.90.156,true,23-12-2024
GICT,WinAppServer3,240.169.212.40,true,22-09-2024
GICT,WinAppServer115,197.190.166.7,true,02-11-2023
GICT,WinAppDB5,47.46.244.78,true,10-02-2023
PGMSB,WinAppServer1,15.224.65.194,true,14-03-2023
PGMSB,WinAppDB5,159.218.28.119,true,15-01-2023
RND,WinAppServer1,201.87.94.252,false,17-07-2024
GICT,WinAppServer1,162.237.205.89,true,19-07-2023
GICT,WinAppServer10,230.211.136.9,true,04-04-2024
GICT,WinAD4,97.164.102.243,true,17-04-2023
PGMSB,WinAppServer115,147.219.194.227,true,24-03-2023
GICT,WinAppServer115,65.254.53.246,true,12-04-2024
RND,WinAppServer115,153.19.228.11,true,15-09-2024
PGMSB,WinAD4,32.50.136.120,true,21-01-2023
RND,WinAppDB5,46.228.68.20,true,05-04-2023
GICT,WinAppServer115,202.57.74.96,false,11-11-2024
GICT,WinAppServer115,113.13.198.76,true,14-04-2024
GICT,WinAppServer1,0.212.204.114,false,29-12-2024
GICT,WinAppServer1,42.64.15.187,true,10-01-2024
GICT,WinAppServer10,15.105.172.137,false,06-11-2023
GICT,WinAppServer115,89.129.42.59,false,22-02-2023
GICT,WinAppServer1,236.8.203.150,false,10-11-2023
GICT,WinAppDB5,15.12.191.46,true,24-05-2024
PGMSB,WinAppServer3,2.147.88.151,false,06-03-2024
GICT,WinAD4,22.31.238.149,true,23-10-2024
GICT,WinAppServer1,11.130.234.46,false,04-07-2023
GICT,WinAppServer10,184.56.12.193,false,28-06-2023
GICT,WinAppServer3,27.134.84.242,true,14-04-2024
RND,WinAppDB5,95.12.160.145,true,16-11-2023
RND,WinAppServer115,185.145.42.110,true,17-04-2024
PGMSB,WinAD4,41.231.50.236,true,10-05-2024
PGMSB,WinAppServer10,152.209.97.90,false,04-07-2023
PGMSB,WinAppServer10,103.250.98.23,true,17-03-2024
GICT,WinAppServer3,62.17.33.63,true,12-02-2024
RND,WinAppServer115,101.30.250.167,true,16-05-2023
GICT,WinAppDB5,104.208.71.211,false,13-06-2024
GICT,WinAppDB5,55.2.67.194,true,06-11-2023
GICT,WinAppServer115,65.161.116.180,false,21-07-2024
GICT,WinAppServer1,91.124.128.158,true,19-10-2024
GICT,WinAD4,83.44.205.145,true,22-11-2023
GICT,WinAppServer1,118.239.165.146,true,11-07-2023
GICT,WinAppDB5,212.119.164.218,false,14-12-2024
PGMSB,WinAppServer115,216.132.73.45,true,25-06-2023
PGMSB,WinAppServer115,134.67.20.94,true,01-10-2023
PGMSB,WinAppDB5,100.89.66.147,false,04-12-2024
RND,WinAppDB5,12.128.54.67,false,17-09-2023
RND,WinAppServer3,239.60.44.109,true,24-05-2023
GICT,WinAppServer1,238.49.43.211,true,24-10-2024
GICT,WinAppServer115,108.130.19.36,false,16-09-2023
PGMSB,WinAppServer3,233.179.202.3,true,23-12-2024
RND,WinAppServer115,43.155.44.207,false,05-07-2023
PGMSB,WinAppServer3,70.107.65.245,false,24-10-2024
GICT,WinAppServer1,67.208.126.8,false,12-12-2023
PGMSB,WinAppServer3,66.224.60.178,true,15-02-2023
PGMSB,WinAppServer3,206.145.201.252,true,14-11-2024
GICT,WinAppServer1,93.161.75.25,false,19-05-2024
GICT,WinAppDB5,33.94.171.103,true,29-02-2024
PGMSB,WinAppServer3,54.77.6.145,false,01-06-2023
RND,WinAD4,200.145.230.78,false,05-03-2024
PGMSB,WinAppServer1,65.40.199.55,true,31-08-2024
PGMSB,WinAppServer3,10.112.49.95,false,17-11-2024
GICT,WinAppDB5,65.44.121.23,false,25-10-2024
GICT,WinAppServer1,195.241.68.94,false,22-04-2024
PGMSB,WinAD4,108.230.173.99,true,27-04-2024
PGMSB,WinAppServer1,0.244.22.35,false,09-04-2024
PGMSB,WinAppServer1,251.123.37.122,true,26-03-2023
GICT,WinAppServer1,54.11.120.12,false,21-06-2024
RND,WinAppServer10,192.201.199.132,false,05-01-2023
GICT,WinAppDB5,105.10.118.72,false,27-01-2024
RND,WinAppDB5,138.103.250.237,true,02-04-2024
PGMSB,WinAppServer1,212.201.91.127,true,05-01-2024
PGMSB,WinAppServer3,203.246.213.87,true,27-09-2023
RND,WinAppDB5,182.236.17.29,false,15-12-2023
GICT,WinAppServer10,197.232.237.145,true,26-06-2024
GICT,WinAppServer1,153.203.172.183,true,24-11-2023
RND,WinAppServer115,141.244.57.126,false,29-06-2024
RND,WinAppServer3,231.107.53.85,true,03-06-2024
GICT,WinAppServer10,4.126.9.224,true,05-08-2024
PGMSB,WinAppServer3,213.110.233.239,true,16-06-2024
GICT,WinAD4,180.15.164.178,true,26-11-2024
GICT,WinAD4,129.235.244.133,false,03-06-2024
PGMSB,WinAppServer115,70.212.101.248,false,12-09-2023
PGMSB,WinAppServer10,145.134.94.1,true,27-10-2023
GICT,WinAppServer10,30.176.126.77,false,25-10-2024
PGMSB,WinAppDB5,25.70.243.47,true,11-12-2023
PGMSB,WinAppServer3,225.211.126.136,false,13-06-2024
RND,WinAppServer10,40.223.26.235,true,10-03-2024
PGMSB,WinAppServer1,101.235.186.242,false,22-07-2023
PGMSB,WinAppServer1,175.100.82.140,true,05-03-2023
PGMSB,WinAppServer3,180.84.108.141,true,31-05-2023
GICT,WinAD4,137.139.7.217,true,28-04-2024
PGMSB,WinAD4,69.101.238.170,true,01-12-2024
GICT,WinAppServer3,130.60.170.124,true,21-07-2024
PGMSB,WinAppDB5,85.99.197.11,false,18-02-2024
RND,WinAppServer3,115.210.88.181,true,31-12-2023
GICT,WinAppServer3,107.38.245.195,false,30-07-2024
RND,WinAppServer115,89.158.126.119,true,12-05-2024
GICT,WinAD4,175.53.169.177,false,21-11-2023
GICT,WinAD4,243.230.91.235,true,16-04-2023
GICT,WinAppServer3,252.54.50.69,true,17-02-2024
PGMSB,WinAppServer1,207.163.253.16,true,22-07-2024
RND,WinAppServer3,51.67.15.144,true,12-02-2024
PGMSB,WinAppDB5,162.182.185.61,false,27-05-2024
GICT,WinAppServer10,166.50.166.155,false,12-06-2023
GICT,WinAppServer1,67.18.182.70,false,16-07-2024
RND,WinAppServer115,227.123.78.91,true,03-06-2024
GICT,WinAppServer10,173.7.46.171,true,28-08-2024
PGMSB,WinAppServer3,78.89.111.191,true,31-07-2024
RND,WinAppServer10,5.138.20.160,false,14-03-2024
PGMSB,WinAppServer115,21.174.69.199,true,21-03-2024
GICT,WinAD4,144.154.183.145,true,08-05-2024
GICT,WinAppServer10,166.243.14.208,true,16-09-2023
RND,WinAppServer3,210.232.214.111,false,27-06-2023
RND,WinAppServer10,58.19.67.110,true,07-04-2024
GICT,WinAD4,125.160.254.23,true,07-06-2023
GICT,WinAppDB5,11.117.40.199,false,13-07-2024
GICT,WinAppServer10,73.234.158.157,false,16-07-2024
RND,WinAppServer115,192.30.223.99,true,05-10-2023
GICT,WinAppServer10,30.158.36.204,true,01-05-2023
PGMSB,WinAppServer115,180.107.150.29,true,07-08-2023
PGMSB,WinAppServer3,126.87.191.36,true,18-01-2024
PGMSB,WinAppServer115,238.16.182.132,true,20-09-2023
PGMSB,WinAppServer1,199.248.16.9,false,10-08-2023
GICT,WinAppServer1,83.180.251.123,true,26-12-2024
PGMSB,WinAppServer3,128.190.216.82,true,04-07-2024
RND,WinAppServer3,52.31.236.92,false,29-04-2023
RND,WinAD4,167.69.187.234,false,24-01-2023
PGMSB,WinAD4,185.123.63.46,false,02-08-2023
PGMSB,WinAppServer1,156.223.179.180,false,10-04-2023
PGMSB,WinAD4,228.169.141.3,false,28-05-2023
PGMSB,WinAppDB5,24.202.234.80,false,19-05-2023
PGMSB,WinAppServer115,143.108.214.248,true,08-10-2023
PGMSB,WinAppServer115,94.210.64.219,true,28-07-2024
RND,WinAppServer1,147.27.118.191,false,29-08-2023
RND,WinAppDB5,164.21.7.183,true,16-06-2023
PGMSB,WinAppServer1,72.154.26.10,false,16-01-2024
PGMSB,WinAppServer3,242.66.199.149,true,08-04-2023
PGMSB,WinAD4,78.205.175.121,true,02-09-2023
PGMSB,WinAppServer1,145.4.44.91,true,25-04-2024
PGMSB,WinAD4,108.14.58.186,false,25-01-2024
GICT,WinAppServer3,112.147.17.23,true,05-11-2023
RND,WinAppServer115,52.108.36.11,false,14-04-2024
GICT,WinAppDB5,58.235.198.135,false,04-12-2024
GICT,WinAppServer3,84.182.175.32,false,29-04-2023
GICT,WinAppServer1,90.105.33.149,true,01-02-2024
GICT,WinAppServer1,86.224.14.152,false,29-05-2024
GICT,WinAD4,26.206.164.231,false,30-08-2024
PGMSB,WinAppServer10,72.211.88.242,true,21-08-2023
PGMSB,WinAppServer3,26.246.175.70,true,23-11-2023
GICT,WinAD4,197.227.0.45,true,06-06-2024
GICT,WinAppServer3,33.32.51.132,true,24-04-2024
GICT,WinAppServer115,188.237.81.232,false,14-05-2023
GICT,WinAppDB5,37.147.118.116,false,22-05-2024
PGMSB,WinAppServer3,205.58.101.38,false,30-01-2024
PGMSB,WinAD4,115.0.235.185,true,25-01-2023
PGMSB,WinAppServer3,184.137.58.130,true,25-02-2024
RND,WinAppServer1,133.138.113.179,true,04-02-2024
GICT,WinAppDB5,167.70.223.65,true,05-09-2023
RND,WinAppServer3,18.245.233.153,false,09-05-2023
GICT,WinAppServer1,45.178.243.58,false,18-08-2023
PGMSB,WinAD4,19.1.85.71,false,19-10-2023
GICT,WinAppServer1,13.56.213.208,true,23-08-2024
GICT,WinAppServer115,32.50.10.175,true,21-07-2024
GICT,WinAppServer1,28.21.97.14,true,04-07-2024
PGMSB,WinAD4,104.80.166.68,true,09-02-2023
GICT,WinAppServer115,168.67.48.8,false,29-02-2024
GICT,WinAppDB5,173.229.186.203,false,14-01-2024
PGMSB,WinAppServer1,211.138.114.246,false,14-01-2024
GICT,WinAppServer1,135.83.215.250,false,29-09-2024
GICT,WinAD4,29.96.2.247,false,15-02-2024
PGMSB,WinAppDB5,254.156.108.119,false,10-03-2024
PGMSB,WinAppServer10,254.196.185.111,false,12-07-2024
GICT,WinAppServer115,201.16.223.237,true,14-03-2023
PGMSB,WinAD4,10.21.109.114,false,31-01-2023
RND,WinAppServer115,44.176.23.189,true,25-08-2023
PGMSB,WinAppServer115,214.219.255.40,true,25-11-2024
GICT,WinAppServer10,97.125.70.80,true,07-01-2024
GICT,WinAppServer1,137.37.188.8,true,14-07-2024
PGMSB,WinAppServer115,55.57.193.86,true,13-06-2024
GICT,WinAppServer10,133.23.206.1,true,04-05-2023
RND,WinAD4,104.46.8.123,false,17-07-2023
GICT,WinAppServer1,178.183.140.201,false,13-01-2024
GICT,WinAppServer10,12.180.219.72,false,07-09-2024
GICT,WinAppServer10,97.11.196.99,true,11-02-2023
GICT,WinAppServer10,218.201.1.110,false,21-02-2023
GICT,WinAD4,56.216.165.156,true,13-12-2024
GICT,WinAppServer1,192.64.83.7,true,21-03-2024
PGMSB,WinAD4,24.166.0.192,true,19-06-2023
GICT,WinAppDB5,180.74.95.145,true,07-04-2023
RND,WinAppServer3,98.225.182.173,true,04-03-2023
GICT,WinAD4,201.204.251.22,true,09-10-2023
GICT,WinAppDB5,153.194.43.103,true,12-12-2024
GICT,WinAppServer115,126.93.43.84,false,28-04-2024
GICT,WinAppDB5,94.162.73.88,true,27-04-2023
GICT,WinAD4,135.123.101.87,true,15-04-2024
PGMSB,WinAD4,213.60.23.230,true,13-10-2024
PGMSB,WinAppServer115,185.156.101.153,false,14-09-2023
GICT,WinAppServer1,23.180.174.213,true,03-11-2024
PGMSB,WinAD4,68.51.234.58,false,07-08-2024
GICT,WinAD4,147.188.80.192,true,27-12-2024
RND,WinAppDB5,32.65.68.94,false,06-06-2023
PGMSB,WinAppServer10,196.165.226.67,true,09-08-2023
GICT,WinAppDB5,214.5.49.100,true,28-10-2023
GICT,WinAppDB5,240.28.152.112,false,10-07-2023
GICT,WinAD4,248.116.240.35,true,07-06-2023
GICT,WinAppServer3,163.43.92.57,false,20-12-2024
PGMSB,WinAppServer3,112.197.216.83,false,23-04-2023
GICT,WinAD4,127.182.128.29,false,29-05-2024
PGMSB,WinAppServer1,225.174.242.200,true,19-01-2024
RND,WinAppServer3,40.215.64.3,false,24-03-2023
RND,WinAppServer10,60.73.232.111,false,29-01-2024
RND,WinAppServer115,32.98.187.209,true,20-11-2024
RND,WinAppServer115,2.106.96.25,false,15-01-2024
RND,WinAppServer115,138.149.184.3,true,08-11-2023
PGMSB,WinAppServer1,182.246.150.77,true,19-06-2023
PGMSB,WinAppDB5,44.219.83.140,true,30-09-2024
PGMSB,WinAppServer3,178.171.233.143,false,08-12-2023
GICT,WinAppServer115,164.212.37.19,true,31-10-2024
GICT,WinAD4,91.205.135.120,true,24-02-2023
RND,WinAppServer3,71.206.179.240,true,18-11-2024
GICT,WinAppServer3,61.193.118.151,false,25-07-2024
PGMSB,WinAppDB5,216.21.130.42,false,09-07-2023
GICT,WinAD4,159.49.159.186,false,22-08-2023
GICT,WinAppServer3,101.123.53.216,true,18-09-2023
PGMSB,WinAppServer10,148.115.125.116,true,06-12-2024
GICT,WinAD4,152.17.9.245,false,25-05-2024
PGMSB,WinAppServer3,10.82.116.90,true,31-07-2023
RND,WinAppDB5,97.152.56.114,false,20-08-2024
PGMSB,WinAD4,214.115.181.78,true,12-12-2024
PGMSB,WinAppServer115,79.210.13.83,true,03-06-2024
GICT,WinAD4,237.35.41.150,true,15-07-2023
PGMSB,WinAppServer115,250.9.51.148,true,05-10-2023
GICT,WinAppDB5,237.188.200.47,false,03-09-2023
GICT,WinAppServer3,81.22.20.240,false,04-04-2023
GICT,WinAppServer3,19.32.63.2,false,12-01-2024
GICT,WinAppServer3,212.142.245.90,true,08-10-2024
GICT,WinAppServer10,10.171.62.151,true,03-03-2024
GICT,WinAppServer115,134.8.158.96,true,23-12-2023
PGMSB,WinAppDB5,115.145.104.119,false,14-01-2024
GICT,WinAD4,92.184.50.212,true,03-12-2023
GICT,WinAppDB5,85.214.178.17,false,11-02-2024
GICT,WinAppServer1,187.198.60.144,false,08-01-2023
PGMSB,WinAD4,43.107.186.194,false,01-08-2024
PGMSB,WinAppDB5,125.246.243.222,true,24-06-2023
GICT,WinAppServer3,128.112.32.105,false,21-10-2024
RND,WinAppServer3,210.54.198.99,false,04-10-2024
GICT,WinAD4,239.50.200.148,false,05-02-2024
RND,WinAppServer10,246.202.200.52,true,26-02-2024
GICT,WinAD4,1.55.201.133,false,11-05-2023
GICT,WinAppServer3,79.228.243.33,false,19-10-2024
GICT,WinAppServer10,169.208.55.35,false,27-03-2023
RND,WinAppServer3,82.15.110.199,false,18-08-2023
RND,WinAppServer10,160.144.125.184,true,22-04-2024
GICT,WinAppServer1,219.247.242.30,true,12-12-2024
GICT,WinAppServer1,232.162.9.8,false,01-12-2024
RND,WinAD4,13.92.79.24,true,19-08-2024
PGMSB,WinAppDB5,235.206.35.227,false,07-05-2024
PGMSB,WinAppServer10,9.220.27.195,false,08-07-2024
GICT,WinAppServer1,20.136.172.221,false,07-10-2024
GICT,WinAD4,133.197.103.150,true,22-01-2024
GICT,WinAppDB5,234.206.22.125,true,26-08-2024
GICT,WinAppDB5,100.99.177.151,true,05-12-2023
GICT,WinAD4,144.220.104.177,false,01-10-2024
GICT,WinAppServer1,222.181.52.207,false,06-12-2023
RND,WinAppServer1,38.194.143.234,false,30-05-2023
RND,WinAppDB5,116.55.201.40,true,08-02-2024
GICT,WinAppDB5,86.179.255.138,false,13-02-2023
RND,WinAppServer115,130.148.212.63,false,29-03-2024
GICT,WinAppServer3,17.78.227.218,false,28-10-2023
RND,WinAppServer3,41.88.43.177,true,02-06-2023
PGMSB,WinAppDB5,132.211.133.2,false,01-03-2024
RND,WinAppDB5,109.141.124.235,false,07-08-2023
PGMSB,WinAppServer115,246.144.172.18,false,16-04-2023
RND,WinAppServer10,167.150.128.222,true,06-11-2023
PGMSB,WinAppServer115,132.27.108.120,true,30-12-2024
PGMSB,WinAppServer3,143.149.102.64,true,25-04-2023
GICT,WinAD4,169.26.23.158,false,14-06-2024
GICT,WinAD4,187.250.72.52,true,30-05-2024
GICT,WinAD4,215.116.13.96,true,16-03-2024
RND,WinAppServer115,222.51.25.57,true,14-05-2024
GICT,WinAppServer115,37.153.248.88,true,30-11-2024
PGMSB,WinAppServer1,157.157.177.111,false,17-07-2023
PGMSB,WinAppServer115,232.122.129.70,false,28-01-2024
PGMSB,WinAppServer115,92.135.201.30,true,08-03-2023
PGMSB,WinAD4,172.90.71.152,false,09-05-2023
RND,WinAppServer115,177.85.30.155,true,04-04-2023
GICT,WinAppDB5,137.216.149.38,false,18-09-2023
PGMSB,WinAppServer10,30.74.199.171,true,25-11-2024
PGMSB,WinAppDB5,245.190.45.143,true,21-02-2023
PGMSB,WinAppServer10,193.218.29.150,true,05-09-2023
GICT,WinAD4,96.217.101.37,false,03-06-2023
RND,WinAD4,21.104.90.239,false,26-01-2023
GICT,WinAppServer10,241.1.14.25,false,03-11-2023
GICT,WinAppDB5,152.41.53.3,false,15-05-2023
PGMSB,WinAppDB5,141.181.108.209,false,16-02-2024
